prd_id,cat_id,prd_key,prd_nm,prd_cost,prd_line,prd_start_dt,prd_end_dt,dwh_create_date
478,AC_BC,BC-M005,"Mountain Bottle Cage",4.00,Mountain,2013-07-01,NULL,"2025-07-29 23:23:06"
479,AC_BC,BC-R205,"Road Bottle Cage",3.00,Road,2013-07-01,NULL,"2025-07-29 23:23:06"
477,AC_BC,WB-H098,"Water Bottle - 30 oz.",2.00,"Other Sales",2013-07-01,NULL,"2025-07-29 23:23:06"
483,AC_BR,RA-H123,"Hitch Rack - 4-Bike",45.00,"Other Sales",2013-07-01,NULL,"2025-07-29 23:23:06"
486,AC_BS,ST-1401,"All-Purpose Bike Stand",59.00,Mountain,2013-07-01,NULL,"2025-07-29 23:23:06"
484,AC_CL,CL-9009,"Bike Wash - Dissolver",3.00,"Other Sales",2013-07-01,NULL,"2025-07-29 23:23:06"
485,AC_FE,FE-6654,"Fender Set - Mountain",8.00,Mountain,2013-07-01,NULL,"2025-07-29 23:23:06"
215,AC_HE,HL-U509,"Sport-100 Helmet- Black",12.00,"Other Sales",2011-07-01,2012-06-30,"2025-07-29 23:23:06"
216,AC_HE,HL-U509,"Sport-100 Helmet- Black",14.00,"Other Sales",2012-07-01,2013-06-30,"2025-07-29 23:23:06"
217,AC_HE,HL-U509,"Sport-100 Helmet- Black",13.00,"Other Sales",2013-07-01,NULL,"2025-07-29 23:23:06"
220,AC_HE,HL-U509-B,"Sport-100 Helmet- Blue",12.00,"Other Sales",2011-07-01,2012-06-30,"2025-07-29 23:23:06"
221,AC_HE,HL-U509-B,"Sport-100 Helmet- Blue",14.00,"Other Sales",2012-07-01,2013-06-30,"2025-07-29 23:23:06"
222,AC_HE,HL-U509-B,"Sport-100 Helmet- Blue",13.00,"Other Sales",2013-07-01,NULL,"2025-07-29 23:23:06"
212,AC_HE,HL-U509-R,"Sport-100 Helmet- Red",12.00,"Other Sales",2011-07-01,2012-06-30,"2025-07-29 23:23:06"
213,AC_HE,HL-U509-R,"Sport-100 Helmet- Red",14.00,"Other Sales",2012-07-01,2013-06-30,"2025-07-29 23:23:06"
214,AC_HE,HL-U509-R,"Sport-100 Helmet- Red",13.00,"Other Sales",2013-07-01,NULL,"2025-07-29 23:23:06"
487,AC_HP,HY-1023-70,"Hydration Pack - 70 oz.",21.00,"Other Sales",2013-07-01,NULL,"2025-07-29 23:23:06"
451,AC_LI,LT-H902,"Headlights - Dual-Beam",14.00,Road,2012-07-01,NULL,"2025-07-29 23:23:06"
452,AC_LI,LT-H903,"Headlights - Weatherproof",19.00,Road,2012-07-01,NULL,"2025-07-29 23:23:06"
450,AC_LI,LT-T990,"Taillights - Battery-Powered",6.00,Road,2012-07-01,NULL,"2025-07-29 23:23:06"
447,AC_LO,LO-C100,"Cable Lock",10.00,"Other Sales",2012-07-01,NULL,"2025-07-29 23:23:06"
446,AC_PA,PA-T100,"Touring-Panniers- Large",52.00,Touring,2012-07-01,NULL,"2025-07-29 23:23:06"
448,AC_PU,PU-0452,Minipump,8.00,"Other Sales",2012-07-01,NULL,"2025-07-29 23:23:06"
449,AC_PU,PU-M044,"Mountain Pump",10.00,Mountain,2012-07-01,NULL,"2025-07-29 23:23:06"
480,AC_TT,PK-7098,"Patch Kit/8 Patches",1.00,"Other Sales",2013-07-01,NULL,"2025-07-29 23:23:06"
535,AC_TT,TI-M267,"LL Mountain Tire",9.00,Mountain,2013-07-01,NULL,"2025-07-29 23:23:06"
536,AC_TT,TI-M602,"ML Mountain Tire",11.00,Mountain,2013-07-01,NULL,"2025-07-29 23:23:06"
537,AC_TT,TI-M823,"HL Mountain Tire",13.00,Mountain,2013-07-01,NULL,"2025-07-29 23:23:06"
538,AC_TT,TI-R092,"LL Road Tire",8.00,Road,2013-07-01,NULL,"2025-07-29 23:23:06"
539,AC_TT,TI-R628,"ML Road Tire",9.00,Road,2013-07-01,NULL,"2025-07-29 23:23:06"
540,AC_TT,TI-R982,"HL Road Tire",12.00,Road,2013-07-01,NULL,"2025-07-29 23:23:06"
541,AC_TT,TI-T723,"Touring Tire",11.00,Touring,2013-07-01,NULL,"2025-07-29 23:23:06"
528,AC_TT,TT-M928,"Mountain Tire Tube",2.00,Mountain,2013-07-01,NULL,"2025-07-29 23:23:06"
529,AC_TT,TT-R982,"Road Tire Tube",1.00,Road,2013-07-01,NULL,"2025-07-29 23:23:06"
530,AC_TT,TT-T092,"Touring Tire Tube",2.00,Touring,2013-07-01,NULL,"2025-07-29 23:23:06"
596,BI_MB,BK-M18B-40,"Mountain-500 Black- 40",295.00,Mountain,2013-07-01,NULL,"2025-07-29 23:23:06"
597,BI_MB,BK-M18B-42,"Mountain-500 Black- 42",295.00,Mountain,2013-07-01,NULL,"2025-07-29 23:23:06"
598,BI_MB,BK-M18B-44,"Mountain-500 Black- 44",295.00,Mountain,2013-07-01,NULL,"2025-07-29 23:23:06"
599,BI_MB,BK-M18B-48,"Mountain-500 Black- 48",295.00,Mountain,2013-07-01,NULL,"2025-07-29 23:23:06"
600,BI_MB,BK-M18B-52,"Mountain-500 Black- 52",295.00,Mountain,2013-07-01,NULL,"2025-07-29 23:23:06"
591,BI_MB,BK-M18S-40,"Mountain-500 Silver- 40",308.00,Mountain,2013-07-01,NULL,"2025-07-29 23:23:06"
592,BI_MB,BK-M18S-42,"Mountain-500 Silver- 42",308.00,Mountain,2013-07-01,NULL,"2025-07-29 23:23:06"
593,BI_MB,BK-M18S-44,"Mountain-500 Silver- 44",308.00,Mountain,2013-07-01,NULL,"2025-07-29 23:23:06"
594,BI_MB,BK-M18S-48,"Mountain-500 Silver- 48",308.00,Mountain,2013-07-01,NULL,"2025-07-29 23:23:06"
595,BI_MB,BK-M18S-52,"Mountain-500 Silver- 52",308.00,Mountain,2013-07-01,NULL,"2025-07-29 23:23:06"
587,BI_MB,BK-M38S-38,"Mountain-400-W Silver- 38",420.00,Mountain,2013-07-01,NULL,"2025-07-29 23:23:06"
588,BI_MB,BK-M38S-40,"Mountain-400-W Silver- 40",420.00,Mountain,2013-07-01,NULL,"2025-07-29 23:23:06"
589,BI_MB,BK-M38S-42,"Mountain-400-W Silver- 42",420.00,Mountain,2013-07-01,NULL,"2025-07-29 23:23:06"
590,BI_MB,BK-M38S-46,"Mountain-400-W Silver- 46",420.00,Mountain,2013-07-01,NULL,"2025-07-29 23:23:06"
364,BI_MB,BK-M47B-38,"Mountain-300 Black- 38",598.00,Mountain,2012-07-01,NULL,"2025-07-29 23:23:06"
365,BI_MB,BK-M47B-40,"Mountain-300 Black- 40",598.00,Mountain,2012-07-01,NULL,"2025-07-29 23:23:06"
366,BI_MB,BK-M47B-44,"Mountain-300 Black- 44",598.00,Mountain,2012-07-01,NULL,"2025-07-29 23:23:06"
367,BI_MB,BK-M47B-48,"Mountain-300 Black- 48",598.00,Mountain,2012-07-01,NULL,"2025-07-29 23:23:06"
358,BI_MB,BK-M68B-38,"Mountain-200 Black- 38",1106.00,Mountain,2012-07-01,2013-06-30,"2025-07-29 23:23:06"
359,BI_MB,BK-M68B-38,"Mountain-200 Black- 38",1252.00,Mountain,2013-07-01,NULL,"2025-07-29 23:23:06"
360,BI_MB,BK-M68B-42,"Mountain-200 Black- 42",1106.00,Mountain,2012-07-01,2013-06-30,"2025-07-29 23:23:06"
361,BI_MB,BK-M68B-42,"Mountain-200 Black- 42",1252.00,Mountain,2013-07-01,NULL,"2025-07-29 23:23:06"
362,BI_MB,BK-M68B-46,"Mountain-200 Black- 46",1106.00,Mountain,2012-07-01,2013-06-30,"2025-07-29 23:23:06"
363,BI_MB,BK-M68B-46,"Mountain-200 Black- 46",1252.00,Mountain,2013-07-01,NULL,"2025-07-29 23:23:06"
352,BI_MB,BK-M68S-38,"Mountain-200 Silver- 38",1118.00,Mountain,2012-07-01,2013-06-30,"2025-07-29 23:23:06"
353,BI_MB,BK-M68S-38,"Mountain-200 Silver- 38",1266.00,Mountain,2013-07-01,NULL,"2025-07-29 23:23:06"
354,BI_MB,BK-M68S-42,"Mountain-200 Silver- 42",1118.00,Mountain,2012-07-01,2013-06-30,"2025-07-29 23:23:06"
355,BI_MB,BK-M68S-42,"Mountain-200 Silver- 42",1266.00,Mountain,2013-07-01,NULL,"2025-07-29 23:23:06"
356,BI_MB,BK-M68S-46,"Mountain-200 Silver- 46",1118.00,Mountain,2012-07-01,2013-06-30,"2025-07-29 23:23:06"
357,BI_MB,BK-M68S-46,"Mountain-200 Silver- 46",1266.00,Mountain,2013-07-01,NULL,"2025-07-29 23:23:06"
348,BI_MB,BK-M82B-38,"Mountain-100 Black- 38",1898.00,Mountain,2011-07-01,NULL,"2025-07-29 23:23:06"
349,BI_MB,BK-M82B-42,"Mountain-100 Black- 42",1898.00,Mountain,2011-07-01,NULL,"2025-07-29 23:23:06"
350,BI_MB,BK-M82B-44,"Mountain-100 Black- 44",1898.00,Mountain,2011-07-01,NULL,"2025-07-29 23:23:06"
351,BI_MB,BK-M82B-48,"Mountain-100 Black- 48",1898.00,Mountain,2011-07-01,NULL,"2025-07-29 23:23:06"
344,BI_MB,BK-M82S-38,"Mountain-100 Silver- 38",1912.00,Mountain,2011-07-01,NULL,"2025-07-29 23:23:06"
345,BI_MB,BK-M82S-42,"Mountain-100 Silver- 42",1912.00,Mountain,2011-07-01,NULL,"2025-07-29 23:23:06"
346,BI_MB,BK-M82S-44,"Mountain-100 Silver- 44",1912.00,Mountain,2011-07-01,NULL,"2025-07-29 23:23:06"
347,BI_MB,BK-M82S-48,"Mountain-100 Silver- 48",1912.00,Mountain,2011-07-01,NULL,"2025-07-29 23:23:06"
604,BI_RB,BK-R19B-44,"Road-750 Black- 44",344.00,Road,2013-07-01,NULL,"2025-07-29 23:23:06"
605,BI_RB,BK-R19B-48,"Road-750 Black- 48",344.00,Road,2013-07-01,NULL,"2025-07-29 23:23:06"
606,BI_RB,BK-R19B-52,"Road-750 Black- 52",344.00,Road,2013-07-01,NULL,"2025-07-29 23:23:06"
584,BI_RB,BK-R19B-58,"Road-750 Black- 58",344.00,Road,2013-07-01,NULL,"2025-07-29 23:23:06"
338,BI_RB,BK-R50B-44,"Road-650 Black- 44",413.00,Road,2011-07-01,2012-06-30,"2025-07-29 23:23:06"
339,BI_RB,BK-R50B-44,"Road-650 Black- 44",487.00,Road,2012-07-01,NULL,"2025-07-29 23:23:06"
340,BI_RB,BK-R50B-48,"Road-650 Black- 48",413.00,Road,2011-07-01,2012-06-30,"2025-07-29 23:23:06"
341,BI_RB,BK-R50B-48,"Road-650 Black- 48",487.00,Road,2012-07-01,NULL,"2025-07-29 23:23:06"
342,BI_RB,BK-R50B-52,"Road-650 Black- 52",413.00,Road,2011-07-01,2012-06-30,"2025-07-29 23:23:06"
343,BI_RB,BK-R50B-52,"Road-650 Black- 52",487.00,Road,2012-07-01,NULL,"2025-07-29 23:23:06"
332,BI_RB,BK-R50B-58,"Road-650 Black- 58",413.00,Road,2011-07-01,2012-06-30,"2025-07-29 23:23:06"
333,BI_RB,BK-R50B-58,"Road-650 Black- 58",487.00,Road,2012-07-01,NULL,"2025-07-29 23:23:06"
334,BI_RB,BK-R50B-60,"Road-650 Black- 60",413.00,Road,2011-07-01,2012-06-30,"2025-07-29 23:23:06"
335,BI_RB,BK-R50B-60,"Road-650 Black- 60",487.00,Road,2012-07-01,NULL,"2025-07-29 23:23:06"
336,BI_RB,BK-R50B-62,"Road-650 Black- 62",413.00,Road,2011-07-01,2012-06-30,"2025-07-29 23:23:06"
337,BI_RB,BK-R50B-62,"Road-650 Black- 62",487.00,Road,2012-07-01,NULL,"2025-07-29 23:23:06"
326,BI_RB,BK-R50R-44,"Road-650 Red- 44",413.00,Road,2011-07-01,2012-06-30,"2025-07-29 23:23:06"
327,BI_RB,BK-R50R-44,"Road-650 Red- 44",487.00,Road,2012-07-01,NULL,"2025-07-29 23:23:06"
328,BI_RB,BK-R50R-48,"Road-650 Red- 48",413.00,Road,2011-07-01,2012-06-30,"2025-07-29 23:23:06"
329,BI_RB,BK-R50R-48,"Road-650 Red- 48",487.00,Road,2012-07-01,NULL,"2025-07-29 23:23:06"
330,BI_RB,BK-R50R-52,"Road-650 Red- 52",413.00,Road,2011-07-01,2012-06-30,"2025-07-29 23:23:06"
331,BI_RB,BK-R50R-52,"Road-650 Red- 52",487.00,Road,2012-07-01,NULL,"2025-07-29 23:23:06"
320,BI_RB,BK-R50R-58,"Road-650 Red- 58",413.00,Road,2011-07-01,2012-06-30,"2025-07-29 23:23:06"
321,BI_RB,BK-R50R-58,"Road-650 Red- 58",487.00,Road,2012-07-01,NULL,"2025-07-29 23:23:06"
322,BI_RB,BK-R50R-60,"Road-650 Red- 60",413.00,Road,2011-07-01,2012-06-30,"2025-07-29 23:23:06"
323,BI_RB,BK-R50R-60,"Road-650 Red- 60",487.00,Road,2012-07-01,NULL,"2025-07-29 23:23:06"
324,BI_RB,BK-R50R-62,"Road-650 Red- 62",413.00,Road,2011-07-01,2012-06-30,"2025-07-29 23:23:06"
325,BI_RB,BK-R50R-62,"Road-650 Red- 62",487.00,Road,2012-07-01,NULL,"2025-07-29 23:23:06"
381,BI_RB,BK-R64Y-38,"Road-550-W Yellow- 38",606.00,Road,2012-07-01,2013-06-30,"2025-07-29 23:23:06"
382,BI_RB,BK-R64Y-38,"Road-550-W Yellow- 38",713.00,Road,2013-07-01,NULL,"2025-07-29 23:23:06"
383,BI_RB,BK-R64Y-40,"Road-550-W Yellow- 40",606.00,Road,2012-07-01,2013-06-30,"2025-07-29 23:23:06"
384,BI_RB,BK-R64Y-40,"Road-550-W Yellow- 40",713.00,Road,2013-07-01,NULL,"2025-07-29 23:23:06"
385,BI_RB,BK-R64Y-42,"Road-550-W Yellow- 42",606.00,Road,2012-07-01,2013-06-30,"2025-07-29 23:23:06"
386,BI_RB,BK-R64Y-42,"Road-550-W Yellow- 42",713.00,Road,2013-07-01,NULL,"2025-07-29 23:23:06"
387,BI_RB,BK-R64Y-44,"Road-550-W Yellow- 44",606.00,Road,2012-07-01,2013-06-30,"2025-07-29 23:23:06"
388,BI_RB,BK-R64Y-44,"Road-550-W Yellow- 44",713.00,Road,2013-07-01,NULL,"2025-07-29 23:23:06"
389,BI_RB,BK-R64Y-48,"Road-550-W Yellow- 48",606.00,Road,2012-07-01,2013-06-30,"2025-07-29 23:23:06"
390,BI_RB,BK-R64Y-48,"Road-550-W Yellow- 48",713.00,Road,2013-07-01,NULL,"2025-07-29 23:23:06"
317,BI_RB,BK-R68R-44,"Road-450 Red- 44",885.00,Road,2011-07-01,NULL,"2025-07-29 23:23:06"
318,BI_RB,BK-R68R-48,"Road-450 Red- 48",885.00,Road,2011-07-01,NULL,"2025-07-29 23:23:06"
319,BI_RB,BK-R68R-52,"Road-450 Red- 52",885.00,Road,2011-07-01,NULL,"2025-07-29 23:23:06"
315,BI_RB,BK-R68R-58,"Road-450 Red- 58",885.00,Road,2011-07-01,NULL,"2025-07-29 23:23:06"
316,BI_RB,BK-R68R-60,"Road-450 Red- 60",885.00,Road,2011-07-01,NULL,"2025-07-29 23:23:06"
580,BI_RB,BK-R79Y-40,"Road-350-W Yellow- 40",1083.00,Road,2013-07-01,NULL,"2025-07-29 23:23:06"
581,BI_RB,BK-R79Y-42,"Road-350-W Yellow- 42",1083.00,Road,2013-07-01,NULL,"2025-07-29 23:23:06"
582,BI_RB,BK-R79Y-44,"Road-350-W Yellow- 44",1083.00,Road,2013-07-01,NULL,"2025-07-29 23:23:06"
583,BI_RB,BK-R79Y-48,"Road-350-W Yellow- 48",1083.00,Road,2013-07-01,NULL,"2025-07-29 23:23:06"
373,BI_RB,BK-R89B-44,"Road-250 Black- 44",1321.00,Road,2012-07-01,2013-06-30,"2025-07-29 23:23:06"
374,BI_RB,BK-R89B-44,"Road-250 Black- 44",1555.00,Road,2013-07-01,NULL,"2025-07-29 23:23:06"
375,BI_RB,BK-R89B-48,"Road-250 Black- 48",1321.00,Road,2012-07-01,2013-06-30,"2025-07-29 23:23:06"
376,BI_RB,BK-R89B-48,"Road-250 Black- 48",1555.00,Road,2013-07-01,NULL,"2025-07-29 23:23:06"
377,BI_RB,BK-R89B-52,"Road-250 Black- 52",1321.00,Road,2012-07-01,2013-06-30,"2025-07-29 23:23:06"
378,BI_RB,BK-R89B-52,"Road-250 Black- 52",1555.00,Road,2013-07-01,NULL,"2025-07-29 23:23:06"
379,BI_RB,BK-R89B-58,"Road-250 Black- 58",1321.00,Road,2012-07-01,2013-06-30,"2025-07-29 23:23:06"
380,BI_RB,BK-R89B-58,"Road-250 Black- 58",1555.00,Road,2013-07-01,NULL,"2025-07-29 23:23:06"
368,BI_RB,BK-R89R-44,"Road-250 Red- 44",1519.00,Road,2012-07-01,NULL,"2025-07-29 23:23:06"
369,BI_RB,BK-R89R-48,"Road-250 Red- 48",1519.00,Road,2012-07-01,NULL,"2025-07-29 23:23:06"
370,BI_RB,BK-R89R-52,"Road-250 Red- 52",1519.00,Road,2012-07-01,NULL,"2025-07-29 23:23:06"
371,BI_RB,BK-R89R-58,"Road-250 Red- 58",1321.00,Road,2012-07-01,2013-06-30,"2025-07-29 23:23:06"
372,BI_RB,BK-R89R-58,"Road-250 Red- 58",1555.00,Road,2013-07-01,NULL,"2025-07-29 23:23:06"
311,BI_RB,BK-R93R-44,"Road-150 Red- 44",2171.00,Road,2011-07-01,NULL,"2025-07-29 23:23:06"
312,BI_RB,BK-R93R-48,"Road-150 Red- 48",2171.00,Road,2011-07-01,NULL,"2025-07-29 23:23:06"
313,BI_RB,BK-R93R-52,"Road-150 Red- 52",2171.00,Road,2011-07-01,NULL,"2025-07-29 23:23:06"
314,BI_RB,BK-R93R-56,"Road-150 Red- 56",2171.00,Road,2011-07-01,NULL,"2025-07-29 23:23:06"
310,BI_RB,BK-R93R-62,"Road-150 Red- 62",2171.00,Road,2011-07-01,NULL,"2025-07-29 23:23:06"
585,BI_TB,BK-T18U-44,"Touring-3000 Blue- 44",461.00,Touring,2013-07-01,NULL,"2025-07-29 23:23:06"
586,BI_TB,BK-T18U-50,"Touring-3000 Blue- 50",461.00,Touring,2013-07-01,NULL,"2025-07-29 23:23:06"
565,BI_TB,BK-T18U-54,"Touring-3000 Blue- 54",461.00,Touring,2013-07-01,NULL,"2025-07-29 23:23:06"
566,BI_TB,BK-T18U-58,"Touring-3000 Blue- 58",461.00,Touring,2013-07-01,NULL,"2025-07-29 23:23:06"
567,BI_TB,BK-T18U-62,"Touring-3000 Blue- 62",461.00,Touring,2013-07-01,NULL,"2025-07-29 23:23:06"
568,BI_TB,BK-T18Y-44,"Touring-3000 Yellow- 44",461.00,Touring,2013-07-01,NULL,"2025-07-29 23:23:06"
569,BI_TB,BK-T18Y-50,"Touring-3000 Yellow- 50",461.00,Touring,2013-07-01,NULL,"2025-07-29 23:23:06"
570,BI_TB,BK-T18Y-54,"Touring-3000 Yellow- 54",461.00,Touring,2013-07-01,NULL,"2025-07-29 23:23:06"
571,BI_TB,BK-T18Y-58,"Touring-3000 Yellow- 58",461.00,Touring,2013-07-01,NULL,"2025-07-29 23:23:06"
572,BI_TB,BK-T18Y-62,"Touring-3000 Yellow- 62",461.00,Touring,2013-07-01,NULL,"2025-07-29 23:23:06"
577,BI_TB,BK-T44U-46,"Touring-2000 Blue- 46",755.00,Touring,2013-07-01,NULL,"2025-07-29 23:23:06"
578,BI_TB,BK-T44U-50,"Touring-2000 Blue- 50",755.00,Touring,2013-07-01,NULL,"2025-07-29 23:23:06"
579,BI_TB,BK-T44U-54,"Touring-2000 Blue- 54",755.00,Touring,2013-07-01,NULL,"2025-07-29 23:23:06"
560,BI_TB,BK-T44U-60,"Touring-2000 Blue- 60",755.00,Touring,2013-07-01,NULL,"2025-07-29 23:23:06"
573,BI_TB,BK-T79U-46,"Touring-1000 Blue- 46",1482.00,Touring,2013-07-01,NULL,"2025-07-29 23:23:06"
574,BI_TB,BK-T79U-50,"Touring-1000 Blue- 50",1482.00,Touring,2013-07-01,NULL,"2025-07-29 23:23:06"
575,BI_TB,BK-T79U-54,"Touring-1000 Blue- 54",1482.00,Touring,2013-07-01,NULL,"2025-07-29 23:23:06"
576,BI_TB,BK-T79U-60,"Touring-1000 Blue- 60",1482.00,Touring,2013-07-01,NULL,"2025-07-29 23:23:06"
561,BI_TB,BK-T79Y-46,"Touring-1000 Yellow- 46",1482.00,Touring,2013-07-01,NULL,"2025-07-29 23:23:06"
562,BI_TB,BK-T79Y-50,"Touring-1000 Yellow- 50",1482.00,Touring,2013-07-01,NULL,"2025-07-29 23:23:06"
563,BI_TB,BK-T79Y-54,"Touring-1000 Yellow- 54",1482.00,Touring,2013-07-01,NULL,"2025-07-29 23:23:06"
564,BI_TB,BK-T79Y-60,"Touring-1000 Yellow- 60",1482.00,Touring,2013-07-01,NULL,"2025-07-29 23:23:06"
461,CL_BS,SB-M891-L,"Men's Bib-Shorts- L",37.00,"Other Sales",2012-07-01,NULL,"2025-07-29 23:23:06"
460,CL_BS,SB-M891-M,"Men's Bib-Shorts- M",37.00,"Other Sales",2012-07-01,NULL,"2025-07-29 23:23:06"
459,CL_BS,SB-M891-S,"Men's Bib-Shorts- S",37.00,"Other Sales",2012-07-01,NULL,"2025-07-29 23:23:06"
223,CL_CA,CA-1098,"AWC Logo Cap",6.00,"Other Sales",2011-07-01,2012-06-30,"2025-07-29 23:23:06"
224,CL_CA,CA-1098,"AWC Logo Cap",5.00,"Other Sales",2012-07-01,2013-06-30,"2025-07-29 23:23:06"
225,CL_CA,CA-1098,"AWC Logo Cap",7.00,"Other Sales",2013-07-01,NULL,"2025-07-29 23:23:06"
470,CL_GL,GL-F110-L,"Full-Finger Gloves- L",16.00,Mountain,2012-07-01,NULL,"2025-07-29 23:23:06"
469,CL_GL,GL-F110-M,"Full-Finger Gloves- M",16.00,Mountain,2012-07-01,NULL,"2025-07-29 23:23:06"
468,CL_GL,GL-F110-S,"Full-Finger Gloves- S",16.00,Mountain,2012-07-01,NULL,"2025-07-29 23:23:06"
466,CL_GL,GL-H102-L,"Half-Finger Gloves- L",10.00,"Other Sales",2012-07-01,2013-06-30,"2025-07-29 23:23:06"
467,CL_GL,GL-H102-L,"Half-Finger Gloves- L",9.00,"Other Sales",2013-07-01,NULL,"2025-07-29 23:23:06"
464,CL_GL,GL-H102-M,"Half-Finger Gloves- M",10.00,"Other Sales",2012-07-01,2013-06-30,"2025-07-29 23:23:06"
465,CL_GL,GL-H102-M,"Half-Finger Gloves- M",9.00,"Other Sales",2013-07-01,NULL,"2025-07-29 23:23:06"
462,CL_GL,GL-H102-S,"Half-Finger Gloves- S",10.00,"Other Sales",2012-07-01,2013-06-30,"2025-07-29 23:23:06"
463,CL_GL,GL-H102-S,"Half-Finger Gloves- S",9.00,"Other Sales",2013-07-01,NULL,"2025-07-29 23:23:06"
232,CL_JE,LJ-0192-L,"Long-Sleeve Logo Jersey- L",32.00,"Other Sales",2011-07-01,2012-06-30,"2025-07-29 23:23:06"
233,CL_JE,LJ-0192-L,"Long-Sleeve Logo Jersey- L",29.00,"Other Sales",2012-07-01,2013-06-30,"2025-07-29 23:23:06"
234,CL_JE,LJ-0192-L,"Long-Sleeve Logo Jersey- L",38.00,"Other Sales",2013-07-01,NULL,"2025-07-29 23:23:06"
229,CL_JE,LJ-0192-M,"Long-Sleeve Logo Jersey- M",32.00,"Other Sales",2011-07-01,2012-06-30,"2025-07-29 23:23:06"
230,CL_JE,LJ-0192-M,"Long-Sleeve Logo Jersey- M",29.00,"Other Sales",2012-07-01,2013-06-30,"2025-07-29 23:23:06"
231,CL_JE,LJ-0192-M,"Long-Sleeve Logo Jersey- M",38.00,"Other Sales",2013-07-01,NULL,"2025-07-29 23:23:06"
226,CL_JE,LJ-0192-S,"Long-Sleeve Logo Jersey- S",32.00,"Other Sales",2011-07-01,2012-06-30,"2025-07-29 23:23:06"
227,CL_JE,LJ-0192-S,"Long-Sleeve Logo Jersey- S",29.00,"Other Sales",2012-07-01,2013-06-30,"2025-07-29 23:23:06"
228,CL_JE,LJ-0192-S,"Long-Sleeve Logo Jersey- S",38.00,"Other Sales",2013-07-01,NULL,"2025-07-29 23:23:06"
235,CL_JE,LJ-0192-X,"Long-Sleeve Logo Jersey- XL",32.00,"Other Sales",2011-07-01,2012-06-30,"2025-07-29 23:23:06"
236,CL_JE,LJ-0192-X,"Long-Sleeve Logo Jersey- XL",29.00,"Other Sales",2012-07-01,2013-06-30,"2025-07-29 23:23:06"
237,CL_JE,LJ-0192-X,"Long-Sleeve Logo Jersey- XL",38.00,"Other Sales",2013-07-01,NULL,"2025-07-29 23:23:06"
490,CL_JE,SJ-0194-L,"Short-Sleeve Classic Jersey- L",42.00,"Other Sales",2013-07-01,NULL,"2025-07-29 23:23:06"
489,CL_JE,SJ-0194-M,"Short-Sleeve Classic Jersey- M",42.00,"Other Sales",2013-07-01,NULL,"2025-07-29 23:23:06"
488,CL_JE,SJ-0194-S,"Short-Sleeve Classic Jersey- S",42.00,"Other Sales",2013-07-01,NULL,"2025-07-29 23:23:06"
491,CL_JE,SJ-0194-X,"Short-Sleeve Classic Jersey- XL",42.00,"Other Sales",2013-07-01,NULL,"2025-07-29 23:23:06"
454,CL_SH,SH-M897-L,"Men's Sports Shorts- L",25.00,"Other Sales",2012-07-01,NULL,"2025-07-29 23:23:06"
453,CL_SH,SH-M897-M,"Men's Sports Shorts- M",25.00,"Other Sales",2012-07-01,NULL,"2025-07-29 23:23:06"
445,CL_SH,SH-M897-S,"Men's Sports Shorts- S",25.00,"Other Sales",2012-07-01,NULL,"2025-07-29 23:23:06"
455,CL_SH,SH-M897-X,"Men's Sports Shorts- XL",25.00,"Other Sales",2012-07-01,NULL,"2025-07-29 23:23:06"
476,CL_SH,SH-W890-L,"Women's Mountain Shorts- L",26.00,Mountain,2013-07-01,NULL,"2025-07-29 23:23:06"
475,CL_SH,SH-W890-M,"Women's Mountain Shorts- M",26.00,Mountain,2013-07-01,NULL,"2025-07-29 23:23:06"
474,CL_SH,SH-W890-S,"Women's Mountain Shorts- S",26.00,Mountain,2013-07-01,NULL,"2025-07-29 23:23:06"
219,CL_SO,SO-B909-L,"Mountain Bike Socks- L",3.00,Mountain,2011-07-01,NULL,"2025-07-29 23:23:06"
218,CL_SO,SO-B909-M,"Mountain Bike Socks- M",3.00,Mountain,2011-07-01,NULL,"2025-07-29 23:23:06"
482,CL_SO,SO-R809-L,"Racing Socks- L",3.00,Road,2013-07-01,NULL,"2025-07-29 23:23:06"
481,CL_SO,SO-R809-M,"Racing Socks- M",3.00,Road,2013-07-01,NULL,"2025-07-29 23:23:06"
458,CL_TI,TG-W091-L,"Women's Tights- L",31.00,"Other Sales",2012-07-01,NULL,"2025-07-29 23:23:06"
457,CL_TI,TG-W091-M,"Women's Tights- M",31.00,"Other Sales",2012-07-01,NULL,"2025-07-29 23:23:06"
456,CL_TI,TG-W091-S,"Women's Tights- S",31.00,"Other Sales",2012-07-01,NULL,"2025-07-29 23:23:06"
473,CL_VE,VE-C304-L,"Classic Vest- L",24.00,"Other Sales",2013-07-01,NULL,"2025-07-29 23:23:06"
472,CL_VE,VE-C304-M,"Classic Vest- M",24.00,"Other Sales",2013-07-01,NULL,"2025-07-29 23:23:06"
471,CL_VE,VE-C304-S,"Classic Vest- S",24.00,"Other Sales",2013-07-01,NULL,"2025-07-29 23:23:06"
601,CO_BB,BB-7421,"LL Bottom Bracket",24.00,n/a,2013-07-01,NULL,"2025-07-29 23:23:06"
602,CO_BB,BB-8107,"ML Bottom Bracket",45.00,n/a,2013-07-01,NULL,"2025-07-29 23:23:06"
603,CO_BB,BB-9108,"HL Bottom Bracket",54.00,n/a,2013-07-01,NULL,"2025-07-29 23:23:06"
555,CO_BR,FB-9873,"Front Brakes",47.00,n/a,2013-07-01,NULL,"2025-07-29 23:23:06"
514,CO_BR,RB-9231,"Rear Brakes",47.00,n/a,2013-07-01,NULL,"2025-07-29 23:23:06"
559,CO_CH,CH-0234,Chain,9.00,n/a,2013-07-01,NULL,"2025-07-29 23:23:06"
556,CO_CS,CS-4759,"LL Crankset",78.00,n/a,2013-07-01,NULL,"2025-07-29 23:23:06"
557,CO_CS,CS-6583,"ML Crankset",114.00,n/a,2013-07-01,NULL,"2025-07-29 23:23:06"
558,CO_CS,CS-9183,"HL Crankset",180.00,n/a,2013-07-01,NULL,"2025-07-29 23:23:06"
552,CO_DE,FD-2342,"Front Derailleur",41.00,n/a,2013-07-01,NULL,"2025-07-29 23:23:06"
501,CO_DE,RD-2308,"Rear Derailleur",54.00,n/a,2013-07-01,NULL,"2025-07-29 23:23:06"
391,CO_FO,FK-1639,"LL Fork",66.00,n/a,2012-07-01,NULL,"2025-07-29 23:23:06"
392,CO_FO,FK-5136,"ML Fork",78.00,n/a,2012-07-01,NULL,"2025-07-29 23:23:06"
393,CO_FO,FK-9939,"HL Fork",102.00,n/a,2012-07-01,NULL,"2025-07-29 23:23:06"
397,CO_HB,HB-M243,"LL Mountain Handlebars",18.00,Mountain,2012-07-01,2013-06-30,"2025-07-29 23:23:06"
398,CO_HB,HB-M243,"LL Mountain Handlebars",20.00,Mountain,2013-07-01,NULL,"2025-07-29 23:23:06"
399,CO_HB,HB-M763,"ML Mountain Handlebars",25.00,Mountain,2012-07-01,2013-06-30,"2025-07-29 23:23:06"
400,CO_HB,HB-M763,"ML Mountain Handlebars",27.00,Mountain,2013-07-01,NULL,"2025-07-29 23:23:06"
401,CO_HB,HB-M918,"HL Mountain Handlebars",49.00,Mountain,2012-07-01,2013-06-30,"2025-07-29 23:23:06"
402,CO_HB,HB-M918,"HL Mountain Handlebars",53.00,Mountain,2013-07-01,NULL,"2025-07-29 23:23:06"
403,CO_HB,HB-R504,"LL Road Handlebars",18.00,Road,2012-07-01,2013-06-30,"2025-07-29 23:23:06"
404,CO_HB,HB-R504,"LL Road Handlebars",20.00,Road,2013-07-01,NULL,"2025-07-29 23:23:06"
405,CO_HB,HB-R720,"ML Road Handlebars",25.00,Road,2012-07-01,2013-06-30,"2025-07-29 23:23:06"
406,CO_HB,HB-R720,"ML Road Handlebars",27.00,Road,2013-07-01,NULL,"2025-07-29 23:23:06"
407,CO_HB,HB-R956,"HL Road Handlebars",49.00,Road,2012-07-01,2013-06-30,"2025-07-29 23:23:06"
408,CO_HB,HB-R956,"HL Road Handlebars",53.00,Road,2013-07-01,NULL,"2025-07-29 23:23:06"
553,CO_HB,HB-T721,"LL Touring Handlebars",20.00,Touring,2013-07-01,NULL,"2025-07-29 23:23:06"
554,CO_HB,HB-T928,"HL Touring Handlebars",41.00,Touring,2013-07-01,NULL,"2025-07-29 23:23:06"
394,CO_HS,HS-0296,"LL Headset",15.00,n/a,2012-07-01,NULL,"2025-07-29 23:23:06"
395,CO_HS,HS-2451,"ML Headset",45.00,n/a,2012-07-01,NULL,"2025-07-29 23:23:06"
396,CO_HS,HS-3479,"HL Headset",55.00,n/a,2012-07-01,NULL,"2025-07-29 23:23:06"
550,CO_MF,FR-M21B-40,"LL Mountain Frame - Black- 40",137.00,Mountain,2013-07-01,NULL,"2025-07-29 23:23:06"
531,CO_MF,FR-M21B-42,"LL Mountain Frame - Black- 42",137.00,Mountain,2013-07-01,NULL,"2025-07-29 23:23:06"
532,CO_MF,FR-M21B-44,"LL Mountain Frame - Black- 44",137.00,Mountain,2013-07-01,NULL,"2025-07-29 23:23:06"
533,CO_MF,FR-M21B-48,"LL Mountain Frame - Black- 48",137.00,Mountain,2013-07-01,NULL,"2025-07-29 23:23:06"
534,CO_MF,FR-M21B-52,"LL Mountain Frame - Black- 52",137.00,Mountain,2013-07-01,NULL,"2025-07-29 23:23:06"
551,CO_MF,FR-M21S-40,"LL Mountain Frame - Silver- 40",145.00,Mountain,2013-07-01,NULL,"2025-07-29 23:23:06"
524,CO_MF,FR-M21S-42,"LL Mountain Frame - Silver- 42",145.00,Mountain,2013-07-01,NULL,"2025-07-29 23:23:06"
525,CO_MF,FR-M21S-44,"LL Mountain Frame - Silver- 44",145.00,Mountain,2013-07-01,NULL,"2025-07-29 23:23:06"
526,CO_MF,FR-M21S-48,"LL Mountain Frame - Silver- 48",145.00,Mountain,2013-07-01,NULL,"2025-07-29 23:23:06"
527,CO_MF,FR-M21S-52,"LL Mountain Frame - Silver- 52",145.00,Mountain,2013-07-01,NULL,"2025-07-29 23:23:06"
409,CO_MF,FR-M63B-38,"ML Mountain Frame - Black- 38",186.00,Mountain,2012-07-01,NULL,"2025-07-29 23:23:06"
426,CO_MF,FR-M63B-40,"ML Mountain Frame - Black- 40",186.00,Mountain,2012-07-01,NULL,"2025-07-29 23:23:06"
427,CO_MF,FR-M63B-44,"ML Mountain Frame - Black- 44",186.00,Mountain,2012-07-01,NULL,"2025-07-29 23:23:06"
428,CO_MF,FR-M63B-48,"ML Mountain Frame - Black- 48",186.00,Mountain,2012-07-01,NULL,"2025-07-29 23:23:06"
549,CO_MF,FR-M63S-38,"ML Mountain Frame-W - Silver- 38",199.00,Mountain,2013-07-01,NULL,"2025-07-29 23:23:06"
511,CO_MF,FR-M63S-40,"ML Mountain Frame-W - Silver- 40",199.00,Mountain,2013-07-01,NULL,"2025-07-29 23:23:06"
512,CO_MF,FR-M63S-42,"ML Mountain Frame-W - Silver- 42",199.00,Mountain,2013-07-01,NULL,"2025-07-29 23:23:06"
513,CO_MF,FR-M63S-46,"ML Mountain Frame-W - Silver- 46",199.00,Mountain,2013-07-01,NULL,"2025-07-29 23:23:06"
304,CO_MF,FR-M94B-38,"HL Mountain Frame - Black- 38",617.00,Mountain,2011-07-01,2012-06-30,"2025-07-29 23:23:06"
305,CO_MF,FR-M94B-38,"HL Mountain Frame - Black- 38",654.00,Mountain,2012-07-01,2013-06-30,"2025-07-29 23:23:06"
306,CO_MF,FR-M94B-38,"HL Mountain Frame - Black- 38",739.00,Mountain,2013-07-01,NULL,"2025-07-29 23:23:06"
296,CO_MF,FR-M94B-42,"HL Mountain Frame - Black- 42",617.00,Mountain,2011-07-01,2012-06-30,"2025-07-29 23:23:06"
297,CO_MF,FR-M94B-42,"HL Mountain Frame - Black- 42",654.00,Mountain,2012-07-01,2013-06-30,"2025-07-29 23:23:06"
298,CO_MF,FR-M94B-42,"HL Mountain Frame - Black- 42",739.00,Mountain,2013-07-01,NULL,"2025-07-29 23:23:06"
299,CO_MF,FR-M94B-44,"HL Mountain Frame - Black- 44",699.00,Mountain,2011-07-01,NULL,"2025-07-29 23:23:06"
301,CO_MF,FR-M94B-46,"HL Mountain Frame - Black- 46",617.00,Mountain,2011-07-01,2012-06-30,"2025-07-29 23:23:06"
302,CO_MF,FR-M94B-46,"HL Mountain Frame - Black- 46",654.00,Mountain,2012-07-01,2013-06-30,"2025-07-29 23:23:06"
303,CO_MF,FR-M94B-46,"HL Mountain Frame - Black- 46",739.00,Mountain,2013-07-01,NULL,"2025-07-29 23:23:06"
300,CO_MF,FR-M94B-48,"HL Mountain Frame - Black- 48",699.00,Mountain,2011-07-01,NULL,"2025-07-29 23:23:06"
307,CO_MF,FR-M94S-38,"HL Mountain Frame - Silver- 38",624.00,Mountain,2011-07-01,2012-06-30,"2025-07-29 23:23:06"
308,CO_MF,FR-M94S-38,"HL Mountain Frame - Silver- 38",661.00,Mountain,2012-07-01,2013-06-30,"2025-07-29 23:23:06"
309,CO_MF,FR-M94S-38,"HL Mountain Frame - Silver- 38",747.00,Mountain,2013-07-01,NULL,"2025-07-29 23:23:06"
288,CO_MF,FR-M94S-42,"HL Mountain Frame - Silver- 42",624.00,Mountain,2011-07-01,2012-06-30,"2025-07-29 23:23:06"
289,CO_MF,FR-M94S-42,"HL Mountain Frame - Silver- 42",661.00,Mountain,2012-07-01,2013-06-30,"2025-07-29 23:23:06"
290,CO_MF,FR-M94S-42,"HL Mountain Frame - Silver- 42",747.00,Mountain,2013-07-01,NULL,"2025-07-29 23:23:06"
291,CO_MF,FR-M94S-44,"HL Mountain Frame - Silver- 44",707.00,Mountain,2011-07-01,NULL,"2025-07-29 23:23:06"
293,CO_MF,FR-M94S-46,"HL Mountain Frame - Silver- 46",624.00,Mountain,2011-07-01,2012-06-30,"2025-07-29 23:23:06"
294,CO_MF,FR-M94S-46,"HL Mountain Frame - Silver- 46",661.00,Mountain,2012-07-01,2013-06-30,"2025-07-29 23:23:06"
295,CO_MF,FR-M94S-46,"HL Mountain Frame - Silver- 46",747.00,Mountain,2013-07-01,NULL,"2025-07-29 23:23:06"
292,CO_MF,FR-M94S-52,"HL Mountain Frame - Silver- 48",707.00,Mountain,2011-07-01,NULL,"2025-07-29 23:23:06"
542,CO_PE,PD-M282,"LL Mountain Pedal",18.00,Mountain,2013-07-01,NULL,"2025-07-29 23:23:06"
543,CO_PE,PD-M340,"ML Mountain Pedal",28.00,Mountain,2013-07-01,NULL,"2025-07-29 23:23:06"
544,CO_PE,PD-M562,"HL Mountain Pedal",36.00,Mountain,2013-07-01,NULL,"2025-07-29 23:23:06"
545,CO_PE,PD-R347,"LL Road Pedal",18.00,Road,2013-07-01,NULL,"2025-07-29 23:23:06"
546,CO_PE,PD-R563,"ML Road Pedal",28.00,Road,2013-07-01,NULL,"2025-07-29 23:23:06"
547,CO_PE,PD-R853,"HL Road Pedal",36.00,Road,2013-07-01,NULL,"2025-07-29 23:23:06"
548,CO_PE,PD-T852,"Touring Pedal",36.00,Touring,2013-07-01,NULL,"2025-07-29 23:23:06"
279,CO_RF,FR-R38B-44,"LL Road Frame - Black- 44",176.00,Road,2011-07-01,2012-06-30,"2025-07-29 23:23:06"
280,CO_RF,FR-R38B-44,"LL Road Frame - Black- 44",170.00,Road,2012-07-01,2013-06-30,"2025-07-29 23:23:06"
281,CO_RF,FR-R38B-44,"LL Road Frame - Black- 44",205.00,Road,2013-07-01,NULL,"2025-07-29 23:23:06"
282,CO_RF,FR-R38B-48,"LL Road Frame - Black- 48",176.00,Road,2011-07-01,2012-06-30,"2025-07-29 23:23:06"
283,CO_RF,FR-R38B-48,"LL Road Frame - Black- 48",170.00,Road,2012-07-01,2013-06-30,"2025-07-29 23:23:06"
284,CO_RF,FR-R38B-48,"LL Road Frame - Black- 48",205.00,Road,2013-07-01,NULL,"2025-07-29 23:23:06"
285,CO_RF,FR-R38B-52,"LL Road Frame - Black- 52",176.00,Road,2011-07-01,2012-06-30,"2025-07-29 23:23:06"
286,CO_RF,FR-R38B-52,"LL Road Frame - Black- 52",170.00,Road,2012-07-01,2013-06-30,"2025-07-29 23:23:06"
287,CO_RF,FR-R38B-52,"LL Road Frame - Black- 52",205.00,Road,2013-07-01,NULL,"2025-07-29 23:23:06"
253,CO_RF,FR-R38B-58,"LL Road Frame - Black- 58",176.00,Road,2011-07-01,2012-06-30,"2025-07-29 23:23:06"
254,CO_RF,FR-R38B-58,"LL Road Frame - Black- 58",170.00,Road,2012-07-01,2013-06-30,"2025-07-29 23:23:06"
255,CO_RF,FR-R38B-58,"LL Road Frame - Black- 58",205.00,Road,2013-07-01,NULL,"2025-07-29 23:23:06"
256,CO_RF,FR-R38B-60,"LL Road Frame - Black- 60",176.00,Road,2011-07-01,2012-06-30,"2025-07-29 23:23:06"
257,CO_RF,FR-R38B-60,"LL Road Frame - Black- 60",170.00,Road,2012-07-01,2013-06-30,"2025-07-29 23:23:06"
258,CO_RF,FR-R38B-60,"LL Road Frame - Black- 60",205.00,Road,2013-07-01,NULL,"2025-07-29 23:23:06"
259,CO_RF,FR-R38B-62,"LL Road Frame - Black- 62",176.00,Road,2011-07-01,2012-06-30,"2025-07-29 23:23:06"
260,CO_RF,FR-R38B-62,"LL Road Frame - Black- 62",170.00,Road,2012-07-01,2013-06-30,"2025-07-29 23:23:06"
261,CO_RF,FR-R38B-62,"LL Road Frame - Black- 62",205.00,Road,2013-07-01,NULL,"2025-07-29 23:23:06"
262,CO_RF,FR-R38R-44,"LL Road Frame - Red- 44",181.00,Road,2011-07-01,2012-06-30,"2025-07-29 23:23:06"
263,CO_RF,FR-R38R-44,"LL Road Frame - Red- 44",187.00,Road,2012-07-01,NULL,"2025-07-29 23:23:06"
264,CO_RF,FR-R38R-48,"LL Road Frame - Red- 48",181.00,Road,2011-07-01,2012-06-30,"2025-07-29 23:23:06"
265,CO_RF,FR-R38R-48,"LL Road Frame - Red- 48",187.00,Road,2012-07-01,NULL,"2025-07-29 23:23:06"
266,CO_RF,FR-R38R-52,"LL Road Frame - Red- 52",181.00,Road,2011-07-01,2012-06-30,"2025-07-29 23:23:06"
267,CO_RF,FR-R38R-52,"LL Road Frame - Red- 52",187.00,Road,2012-07-01,NULL,"2025-07-29 23:23:06"
268,CO_RF,FR-R38R-58,"LL Road Frame - Red- 58",181.00,Road,2011-07-01,2012-06-30,"2025-07-29 23:23:06"
269,CO_RF,FR-R38R-58,"LL Road Frame - Red- 58",187.00,Road,2012-07-01,NULL,"2025-07-29 23:23:06"
270,CO_RF,FR-R38R-60,"LL Road Frame - Red- 60",181.00,Road,2011-07-01,2012-06-30,"2025-07-29 23:23:06"
271,CO_RF,FR-R38R-60,"LL Road Frame - Red- 60",187.00,Road,2012-07-01,NULL,"2025-07-29 23:23:06"
272,CO_RF,FR-R38R-62,"LL Road Frame - Red- 62",181.00,Road,2011-07-01,2012-06-30,"2025-07-29 23:23:06"
273,CO_RF,FR-R38R-62,"LL Road Frame - Red- 62",187.00,Road,2012-07-01,NULL,"2025-07-29 23:23:06"
274,CO_RF,FR-R72R-44,"ML Road Frame - Red- 44",352.00,Road,2011-07-01,NULL,"2025-07-29 23:23:06"
275,CO_RF,FR-R72R-48,"ML Road Frame - Red- 48",352.00,Road,2011-07-01,NULL,"2025-07-29 23:23:06"
276,CO_RF,FR-R72R-52,"ML Road Frame - Red- 52",352.00,Road,2011-07-01,NULL,"2025-07-29 23:23:06"
277,CO_RF,FR-R72R-58,"ML Road Frame - Red- 58",352.00,Road,2011-07-01,NULL,"2025-07-29 23:23:06"
278,CO_RF,FR-R72R-60,"ML Road Frame - Red- 60",352.00,Road,2011-07-01,NULL,"2025-07-29 23:23:06"
417,CO_RF,FR-R72Y-38,"ML Road Frame-W - Yellow- 38",300.00,Road,2012-07-01,2013-06-30,"2025-07-29 23:23:06"
418,CO_RF,FR-R72Y-38,"ML Road Frame-W - Yellow- 38",361.00,Road,2013-07-01,NULL,"2025-07-29 23:23:06"
429,CO_RF,FR-R72Y-40,"ML Road Frame-W - Yellow- 40",300.00,Road,2012-07-01,2013-06-30,"2025-07-29 23:23:06"
430,CO_RF,FR-R72Y-40,"ML Road Frame-W - Yellow- 40",361.00,Road,2013-07-01,NULL,"2025-07-29 23:23:06"
431,CO_RF,FR-R72Y-42,"ML Road Frame-W - Yellow- 42",300.00,Road,2012-07-01,2013-06-30,"2025-07-29 23:23:06"
432,CO_RF,FR-R72Y-42,"ML Road Frame-W - Yellow- 42",361.00,Road,2013-07-01,NULL,"2025-07-29 23:23:06"
433,CO_RF,FR-R72Y-44,"ML Road Frame-W - Yellow- 44",300.00,Road,2012-07-01,2013-06-30,"2025-07-29 23:23:06"
434,CO_RF,FR-R72Y-44,"ML Road Frame-W - Yellow- 44",361.00,Road,2013-07-01,NULL,"2025-07-29 23:23:06"
435,CO_RF,FR-R72Y-48,"ML Road Frame-W - Yellow- 48",300.00,Road,2012-07-01,2013-06-30,"2025-07-29 23:23:06"
436,CO_RF,FR-R72Y-48,"ML Road Frame-W - Yellow- 48",361.00,Road,2013-07-01,NULL,"2025-07-29 23:23:06"
439,CO_RF,FR-R92B-44,"HL Road Frame - Black- 44",722.00,Road,2012-07-01,2013-06-30,"2025-07-29 23:23:06"
440,CO_RF,FR-R92B-44,"HL Road Frame - Black- 44",869.00,Road,2013-07-01,NULL,"2025-07-29 23:23:06"
441,CO_RF,FR-R92B-48,"HL Road Frame - Black- 48",722.00,Road,2012-07-01,2013-06-30,"2025-07-29 23:23:06"
442,CO_RF,FR-R92B-48,"HL Road Frame - Black- 48",869.00,Road,2013-07-01,NULL,"2025-07-29 23:23:06"
443,CO_RF,FR-R92B-52,"HL Road Frame - Black- 52",722.00,Road,2012-07-01,2013-06-30,"2025-07-29 23:23:06"
444,CO_RF,FR-R92B-52,"HL Road Frame - Black- 52",869.00,Road,2013-07-01,NULL,"2025-07-29 23:23:06"
210,CO_RF,FR-R92B-58,"HL Road Frame - Black- 58",0.00,Road,2003-07-01,NULL,"2025-07-29 23:23:06"
437,CO_RF,FR-R92B-62,"HL Road Frame - Black- 62",722.00,Road,2012-07-01,2013-06-30,"2025-07-29 23:23:06"
438,CO_RF,FR-R92B-62,"HL Road Frame - Black- 62",869.00,Road,2013-07-01,NULL,"2025-07-29 23:23:06"
241,CO_RF,FR-R92R-44,"HL Road Frame - Red- 44",748.00,Road,2011-07-01,2012-06-30,"2025-07-29 23:23:06"
242,CO_RF,FR-R92R-44,"HL Road Frame - Red- 44",722.00,Road,2012-07-01,2013-06-30,"2025-07-29 23:23:06"
243,CO_RF,FR-R92R-44,"HL Road Frame - Red- 44",869.00,Road,2013-07-01,NULL,"2025-07-29 23:23:06"
244,CO_RF,FR-R92R-48,"HL Road Frame - Red- 48",748.00,Road,2011-07-01,2012-06-30,"2025-07-29 23:23:06"
245,CO_RF,FR-R92R-48,"HL Road Frame - Red- 48",722.00,Road,2012-07-01,2013-06-30,"2025-07-29 23:23:06"
246,CO_RF,FR-R92R-48,"HL Road Frame - Red- 48",869.00,Road,2013-07-01,NULL,"2025-07-29 23:23:06"
247,CO_RF,FR-R92R-52,"HL Road Frame - Red- 52",748.00,Road,2011-07-01,2012-06-30,"2025-07-29 23:23:06"
248,CO_RF,FR-R92R-52,"HL Road Frame - Red- 52",722.00,Road,2012-07-01,2013-06-30,"2025-07-29 23:23:06"
249,CO_RF,FR-R92R-52,"HL Road Frame - Red- 52",869.00,Road,2013-07-01,NULL,"2025-07-29 23:23:06"
250,CO_RF,FR-R92R-56,"HL Road Frame - Red- 56",748.00,Road,2011-07-01,2012-06-30,"2025-07-29 23:23:06"
251,CO_RF,FR-R92R-56,"HL Road Frame - Red- 56",722.00,Road,2012-07-01,2013-06-30,"2025-07-29 23:23:06"
252,CO_RF,FR-R92R-56,"HL Road Frame - Red- 56",869.00,Road,2013-07-01,NULL,"2025-07-29 23:23:06"
211,CO_RF,FR-R92R-58,"HL Road Frame - Red- 58",0.00,Road,2003-07-01,NULL,"2025-07-29 23:23:06"
238,CO_RF,FR-R92R-62,"HL Road Frame - Red- 62",748.00,Road,2011-07-01,2012-06-30,"2025-07-29 23:23:06"
239,CO_RF,FR-R92R-62,"HL Road Frame - Red- 62",722.00,Road,2012-07-01,2013-06-30,"2025-07-29 23:23:06"
240,CO_RF,FR-R92R-62,"HL Road Frame - Red- 62",869.00,Road,2013-07-01,NULL,"2025-07-29 23:23:06"
515,CO_SA,SE-M236,"LL Mountain Seat/Saddle",12.00,Mountain,2013-07-01,NULL,"2025-07-29 23:23:06"
516,CO_SA,SE-M798,"ML Mountain Seat/Saddle",17.00,Mountain,2013-07-01,NULL,"2025-07-29 23:23:06"
517,CO_SA,SE-M940,"HL Mountain Seat/Saddle",23.00,Mountain,2013-07-01,NULL,"2025-07-29 23:23:06"
518,CO_SA,SE-R581,"LL Road Seat/Saddle",12.00,Road,2013-07-01,NULL,"2025-07-29 23:23:06"
519,CO_SA,SE-R908,"ML Road Seat/Saddle",17.00,Touring,2013-07-01,NULL,"2025-07-29 23:23:06"
520,CO_SA,SE-R995,"HL Road Seat/Saddle",23.00,Road,2013-07-01,NULL,"2025-07-29 23:23:06"
521,CO_SA,SE-T312,"LL Touring Seat/Saddle",12.00,Touring,2013-07-01,NULL,"2025-07-29 23:23:06"
522,CO_SA,SE-T762,"ML Touring Seat/Saddle",17.00,Touring,2013-07-01,NULL,"2025-07-29 23:23:06"
523,CO_SA,SE-T924,"HL Touring Seat/Saddle",23.00,Touring,2013-07-01,NULL,"2025-07-29 23:23:06"
510,CO_TF,FR-T67U-44,"LL Touring Frame - Blue- 44",200.00,Touring,2013-07-01,NULL,"2025-07-29 23:23:06"
502,CO_TF,FR-T67U-50,"LL Touring Frame - Blue- 50",200.00,Touring,2013-07-01,NULL,"2025-07-29 23:23:06"
503,CO_TF,FR-T67U-54,"LL Touring Frame - Blue- 54",200.00,Touring,2013-07-01,NULL,"2025-07-29 23:23:06"
504,CO_TF,FR-T67U-58,"LL Touring Frame - Blue- 58",200.00,Touring,2013-07-01,NULL,"2025-07-29 23:23:06"
505,CO_TF,FR-T67U-62,"LL Touring Frame - Blue- 62",200.00,Touring,2013-07-01,NULL,"2025-07-29 23:23:06"
506,CO_TF,FR-T67Y-44,"LL Touring Frame - Yellow- 44",200.00,Touring,2013-07-01,NULL,"2025-07-29 23:23:06"
507,CO_TF,FR-T67Y-50,"LL Touring Frame - Yellow- 50",200.00,Touring,2013-07-01,NULL,"2025-07-29 23:23:06"
508,CO_TF,FR-T67Y-54,"LL Touring Frame - Yellow- 54",200.00,Touring,2013-07-01,NULL,"2025-07-29 23:23:06"
509,CO_TF,FR-T67Y-58,"LL Touring Frame - Yellow- 58",200.00,Touring,2013-07-01,NULL,"2025-07-29 23:23:06"
493,CO_TF,FR-T67Y-62,"LL Touring Frame - Yellow- 62",200.00,Touring,2013-07-01,NULL,"2025-07-29 23:23:06"
497,CO_TF,FR-T98U-46,"HL Touring Frame - Blue- 46",602.00,Touring,2013-07-01,NULL,"2025-07-29 23:23:06"
498,CO_TF,FR-T98U-50,"HL Touring Frame - Blue- 50",602.00,Touring,2013-07-01,NULL,"2025-07-29 23:23:06"
499,CO_TF,FR-T98U-54,"HL Touring Frame - Blue- 54",602.00,Touring,2013-07-01,NULL,"2025-07-29 23:23:06"
500,CO_TF,FR-T98U-60,"HL Touring Frame - Blue- 60",602.00,Touring,2013-07-01,NULL,"2025-07-29 23:23:06"
494,CO_TF,FR-T98Y-46,"HL Touring Frame - Yellow- 46",602.00,Touring,2013-07-01,NULL,"2025-07-29 23:23:06"
495,CO_TF,FR-T98Y-50,"HL Touring Frame - Yellow- 50",602.00,Touring,2013-07-01,NULL,"2025-07-29 23:23:06"
496,CO_TF,FR-T98Y-54,"HL Touring Frame - Yellow- 54",602.00,Touring,2013-07-01,NULL,"2025-07-29 23:23:06"
492,CO_TF,FR-T98Y-60,"HL Touring Frame - Yellow- 60",602.00,Touring,2013-07-01,NULL,"2025-07-29 23:23:06"
410,CO_WH,FW-M423,"LL Mountain Front Wheel",27.00,Mountain,2012-07-01,NULL,"2025-07-29 23:23:06"
411,CO_WH,FW-M762,"ML Mountain Front Wheel",93.00,Mountain,2012-07-01,NULL,"2025-07-29 23:23:06"
412,CO_WH,FW-M928,"HL Mountain Front Wheel",133.00,Mountain,2012-07-01,NULL,"2025-07-29 23:23:06"
413,CO_WH,FW-R623,"LL Road Front Wheel",38.00,Road,2012-07-01,NULL,"2025-07-29 23:23:06"
414,CO_WH,FW-R762,"ML Road Front Wheel",110.00,Road,2012-07-01,NULL,"2025-07-29 23:23:06"
415,CO_WH,FW-R820,"HL Road Front Wheel",147.00,Road,2012-07-01,NULL,"2025-07-29 23:23:06"
416,CO_WH,FW-T905,"Touring Front Wheel",97.00,Touring,2012-07-01,NULL,"2025-07-29 23:23:06"
419,CO_WH,RW-M423,"LL Mountain Rear Wheel",39.00,Mountain,2012-07-01,NULL,"2025-07-29 23:23:06"
420,CO_WH,RW-M762,"ML Mountain Rear Wheel",105.00,Mountain,2012-07-01,NULL,"2025-07-29 23:23:06"
421,CO_WH,RW-M928,"HL Mountain Rear Wheel",145.00,Mountain,2012-07-01,NULL,"2025-07-29 23:23:06"
422,CO_WH,RW-R623,"LL Road Rear Wheel",50.00,Road,2012-07-01,NULL,"2025-07-29 23:23:06"
423,CO_WH,RW-R762,"ML Road Rear Wheel",122.00,Road,2012-07-01,NULL,"2025-07-29 23:23:06"
424,CO_WH,RW-R820,"HL Road Rear Wheel",159.00,Road,2012-07-01,NULL,"2025-07-29 23:23:06"
425,CO_WH,RW-T905,"Touring Rear Wheel",109.00,Touring,2012-07-01,NULL,"2025-07-29 23:23:06"
